EIN	Name	Zip Code	Address	Source
00-0000000	No schools added	Not Found	No public nonprofit record, issued in Unknown	Google search
00-0954969	No schools added	Not Found	No public nonprofit record, issued in Unknown	Google search
01-0416015	No schools added	Not Found	No public nonprofit record, issued in Unknown	Google search
01-6000001	No schools added	Not Found	No public nonprofit record, issued in Unknown	Google search
01-6000724	No schools added	Not Found	No public nonprofit record, issued in Unknown	Google search
01-6000769	No schools added	Not Found	No public nonprofit record, issued in Unknown	Google search
01-6011335	No schools added	Not Found	No public nonprofit record, issued in Unknown	Google search
02-0385129	No schools added	Not Found	No public nonprofit record, issued in Unknown	Google search
02-0494919	No schools added	Not Found	No public nonprofit record, issued in Unknown	Google search
02-0555370	No schools added	Not Found	No public nonprofit record, issued in Unknown	Google search
02-0627166	No schools added	Not Found	No public nonprofit record, issued in Unknown	Google search
02-0628872	No schools added	Not Found	No public nonprofit record, issued in Unknown	Google search
02-6000618	No schools added	Not Found	No public nonprofit record, issued in Unknown	Google search
02-6000937	No schools added	Not Found	No public nonprofit record, issued in Unknown	Google search
03-0179440	No schools added	Not Found	No public nonprofit record, issued in Unknown	Google search
03-0213787	No schools added	Not Found	No public nonprofit record, issued in Unknown	Google search
03-0356845	No schools added	Not Found	No public nonprofit record, issued in Unknown	Google search
03-0415363	No schools added	Not Found	No public nonprofit record, issued in Unknown	Google search
03-0426350	No schools added	Not Found	No public nonprofit record, issued in Unknown	Google search
03-6000264	No schools added	Not Found	No public nonprofit record, issued in Unknown	Google search
04-1564655	No schools added	Not Found	No public nonprofit record, issued in Andover, MA	Google search
04-2103555	No schools added	Not Found	No public nonprofit record, issued in Andover, MA	Google search
04-2103561	No schools added	Not Found	No public nonprofit record, issued in Andover, MA	Google search
04-2103591	No schools added	Not Found	No public nonprofit record, issued in Andover, MA	Google search
04-2103611	No schools added	Not Found	No public nonprofit record, issued in Andover, MA	Google search
04-2103733	No schools added	Not Found	No public nonprofit record, issued in Andover, MA	Google search
04-2103823	No schools added	Not Found	No public nonprofit record, issued in Andover, MA	Google search
04-2103899	No schools added	Not Found	No public nonprofit record, issued in Andover, MA	Google search
04-2104006	No schools added	Not Found	No public nonprofit record, issued in Andover, MA	Google search
04-2104029	No schools added	Not Found	No public nonprofit record, issued in Andover, MA	Google search
04-2104156	No schools added	Not Found	No public nonprofit record, issued in Andover, MA	Google search
04-2104159	No schools added	Not Found	No public nonprofit record, issued in Andover, MA	Google search
04-2104691	No schools added	Not Found	No public nonprofit record, issued in Andover, MA	Google search
04-2104921	No schools added	Not Found	No public nonprofit record, issued in Andover, MA	Google search
04-2106175	No schools added	Not Found	No public nonprofit record, issued in Andover, MA	Google search
04-2218946	No schools added	Not Found	No public nonprofit record, issued in Andover, MA	Google search
04-2254742	No schools added	Not Found	No public nonprofit record, issued in Andover, MA	Google search
04-2274992	No schools added	Not Found	No public nonprofit record, issued in Andover, MA	Google search
04-2312909	No schools added	Not Found	No public nonprofit record, issued in Andover, MA	Google search
04-2314036	No schools added	Not Found	No public nonprofit record, issued in Andover, MA	Google search
04-2323506	No schools added	Not Found	No public nonprofit record, issued in Andover, MA	Google search
04-2325342	No schools added	Not Found	No public nonprofit record, issued in Andover, MA	Google search
04-2430192	No schools added	Not Found	No public nonprofit record, issued in Andover, MA	Google search
04-2458504	No schools added	Not Found	No public nonprofit record, issued in Andover, MA	Google search
04-2541393	No schools added	Not Found	No public nonprofit record, issued in Andover, MA	Google search
