This file presents data that supplement CBO’s January 2025 report The Budget and Economic Outlook: 2025 to 2035.,,,,,,,,,,,,
http://www.cbo.gov/publication/60870,,,,,,,,,,,,
,,,,,,,,,,,,
"This file provides the spending projections underlying The Budget and Economic Outlook: 2025 to 2035. The data are provided at the budget account level (by Treasury Identification Number, or TID), with discretionary and mandatory spending separated; budget authority and outlays are presented in millions of dollars. TIDs and their supplementary identifying information (including titles, agencies, and bureaus) largely come from external sources.",,,,,,,,,,,,
,,,,,,,,,,,,
,,,,,,,,,,,,
Contents,,,,,,,,,,,,
,,,,,,,,,,,,
1. CBO's January 2025 Baseline Projections,,,,,,,,,,,,
2. Definitions of Relevant Budget Terms,,,,,,,,,,,,
3. Budget Functions and Subfunctions ,,,,,,,,,,,,